Localização da Loja,Número da Loja,ID do cliente,Idade do cliente,Gênero,Data de adesão,Compra mais recente,Eletrônicos,Mobília,Jardinagem,Alimentícios,Vestuário,Brinquedos,Departamentos que comprou,Número de Itens Comprados,Montante de Compras
Los Angeles,45,SSMM55001,61,Female,07/20/2010,07/07/2012,10013,3488,6999,5165,637,11266,6,99,37568
Seattle,77,SSMM55002,43,Female,07/22/2010,07/07/2012,6396,5774,7156,4449,1551,185,6,160,25511
Boston,12,SSMM55003,55,Female,07/22/2010,07/06/2012,5586,1369,731,1369,224,354,6,139,9633
Boston,2,SSMM55004,41,Male,07/22/2010,07/03/2012,885,1362,1431,1419,66,0,5,63,5163
New York,23,SSMM55005,68,Female,07/22/2010,06/29/2012,4860,5865,5429,5394,757,18918,6,57,41223
New York,27,SSMM55006,56,Female,07/22/2010,06/24/2012,216,524,467,4286,1000,304,6,232,6797
Los Angeles,43,SSMM55007,74,Female,07/22/2010,06/22/2012,436,0,467,122,46,0,4,147,1071
New York,36,SSMM55008,77,Female,07/22/2010,04/16/2012,0,238,0,684,190,0,3,145,1112
Los Angeles,54,SSMM55009,62,Male,07/22/2010,09/13/2011,153,0,0,0,0,0,1,46,153
Boston,13,SSMM55010,65,Female,07/23/2010,06/25/2012,609,0,747,0,0,1934,3,127,3290
Boston,7,SSMM55011,54,Female,07/24/2010,06/15/2012,1384,0,405,153,41,91,5,135,2074
New York,39,SSMM55012,57,Male,07/24/2010,04/03/2012,260,471,2439,251,45,963,6,170,4429
New York,23,SSMM55013,56,Female,07/25/2010,07/09/2012,5507,285,0,0,0,499,3,27,6291
New York,34,SSMM55014,51,Female,07/25/2010,06/28/2012,938,2163,0,854,304,0,4,197,4259
Seattle,67,SSMM55015,66,Male,07/25/2010,06/21/2012,4688,4452,1186,4034,1258,1092,6,138,16710
Seattle,67,SSMM55016,48,Female,07/25/2010,06/12/2012,1730,1579,825,37,16,122,6,211,4309
Seattle,82,SSMM55017,76,Male,07/25/2010,04/16/2012,59,153,248,420,148,963,6,237,1991
Los Angeles,48,SSMM55018,65,Female,07/25/2010,04/14/2012,2150,4308,1029,169,17,0,5,243,7673
Seattle,79,SSMM55019,59,Female,07/25/2010,08/24/2011,527,0,0,0,0,216,2,55,743
Seattle,79,SSMM55020,43,Female,07/27/2010,07/13/2012,2273,1526,5130,3720,734,869,6,37,14252
Los Angeles,44,SSMM55021,53,Female,07/27/2010,06/16/2012,1862,131,869,2512,1242,279,6,125,6895
Boston,11,SSMM55022,61,Male,07/27/2010,04/17/2012,1262,464,0,2414,122,0,4,192,4262
Los Angeles,51,SSMM55023,44,Female,07/29/2010,07/07/2012,492,91,464,1431,67,0,5,100,2545
New York,30,SSMM55024,66,Female,07/30/2010,07/12/2012,2593,4377,5535,2223,456,2216,6,118,17400
New York,27,SSMM55025,75,Female,07/30/2010,07/06/2012,474,379,1626,1478,23,298,6,65,4278
Seattle,71,SSMM55026,69,Male,07/30/2010,02/25/2012,6656,0,0,0,0,0,1,32,6656
New York,38,SSMM55027,37,Female,07/31/2010,07/12/2012,712,7410,408,1855,68,0,5,90,10453
Seattle,74,SSMM55028,42,Female,07/31/2010,07/09/2012,379,1265,248,832,394,0,5,25,3118
New York,26,SSMM55029,51,Male,07/31/2010,05/15/2012,916,285,141,4980,2267,0,5,67,8589
Los Angeles,62,SSMM55030,60,Male,07/31/2010,04/12/2012,81,2373,467,0,0,1004,4,179,3925
Seattle,64,SSMM55031,59,Female,08/01/2010,07/12/2012,8229,1667,1921,1488,220,6361,6,153,19886
Los Angeles,47,SSMM55032,61,Female,08/01/2010,07/09/2012,5887,612,4085,709,109,2113,6,73,13515
Seattle,80,SSMM55033,18,Female,08/02/2010,06/23/2012,0,417,0,5061,2321,0,3,132,7799
New York,34,SSMM55034,46,Male,08/02/2010,05/19/2012,75,449,935,1312,630,0,5,151,3401
Boston,14,SSMM55035,58,Female,08/02/2010,04/12/2012,797,609,0,0,0,756,3,58,2162
Los Angeles,61,SSMM55036,42,Male,08/03/2010,07/12/2012,587,1761,1434,3388,1585,0,5,136,8755
Los Angeles,51,SSMM55037,48,Female,08/03/2010,07/11/2012,0,681,4606,1651,724,0,4,59,7662
Boston,14,SSMM55038,56,Female,08/04/2010,07/08/2012,3846,219,4154,1164,200,662,6,120,10245
Seattle,71,SSMM55039,78,Male,08/04/2010,06/26/2012,3045,1576,0,7228,424,0,4,131,12273
Los Angeles,47,SSMM55040,42,Male,08/04/2010,06/07/2012,555,282,122,521,170,0,5,233,1650
Boston,21,SSMM55041,52,Female,08/05/2010,07/11/2012,1033,584,1582,649,175,185,6,220,4208
Los Angeles,54,SSMM55042,44,Female,08/05/2010,07/09/2012,1139,825,2373,3532,156,0,5,227,8025
Los Angeles,58,SSMM55043,27,Female,08/06/2010,07/13/2012,50,3278,1186,367,8,2150,6,32,7039
Seattle,73,SSMM55044,61,Male,08/06/2010,06/11/2012,2323,1491,1679,794,34,3519,6,12,9840
Boston,15,SSMM55045,64,Female,08/07/2010,06/29/2012,3275,822,992,43,16,3987,6,22,9135
Seattle,67,SSMM55046,59,Female,08/08/2010,06/19/2012,1397,2436,0,3416,431,1183,5,8,8863
Seattle,81,SSMM55047,39,Female,08/09/2010,07/13/2012,37,734,1051,1670,304,310,6,111,4106
Seattle,74,SSMM55048,57,Female,08/09/2010,07/09/2012,4427,4063,4684,3400,801,2863,6,123,20238
Boston,3,SSMM55049,46,Female,08/11/2010,07/05/2012,835,1243,637,4342,874,492,6,135,8423
Seattle,67,SSMM55050,48,Female,08/12/2010,07/03/2012,1482,3221,4182,2311,271,0,5,102,11467
New York,35,SSMM55051,41,Female,08/14/2010,06/15/2012,238,6170,248,671,137,0,5,177,7464
Los Angeles,59,SSMM55052,59,Male,08/15/2010,07/13/2012,747,1033,1001,2910,622,929,6,35,7242
New York,25,SSMM55053,70,Female,08/15/2010,07/11/2012,1934,1158,3271,3846,669,2050,6,9,12928
Los Angeles,55,SSMM55054,52,Female,08/15/2010,07/07/2012,747,3764,2785,204,42,0,5,199,7542
Boston,6,SSMM55055,56,Female,08/15/2010,07/07/2012,14255,3915,1475,3667,626,2263,6,182,26201
Boston,18,SSMM55056,62,Male,08/15/2010,07/06/2012,1686,3482,590,863,22,3968,6,89,10611
New York,41,SSMM55057,62,Male,08/15/2010,07/06/2012,1887,3680,2172,1337,166,1362,6,59,10604
Los Angeles,47,SSMM55058,73,Male,08/15/2010,07/03/2012,2939,3636,1249,951,266,59,6,297,9100
New York,40,SSMM55059,62,Male,08/15/2010,06/30/2012,2829,4763,7190,5695,1637,2251,6,64,24365
Los Angeles,54,SSMM55060,49,Female,08/15/2010,06/28/2012,3086,2508,2047,2141,416,405,6,123,10603
Los Angeles,60,SSMM55061,62,Female,08/15/2010,06/25/2012,2565,3070,1949,1799,739,1089,6,161,11211
Seattle,78,SSMM55062,67,Female,08/15/2010,06/21/2012,3463,2116,0,3410,210,0,4,192,9199
Boston,14,SSMM55063,34,Male,08/15/2010,06/18/2012,307,1136,94,423,161,0,5,193,2121
Seattle,78,SSMM55064,43,Female,08/15/2010,05/19/2012,0,1416,653,2398,804,373,5,68,5644
Los Angeles,58,SSMM55065,53,Female,08/15/2010,05/06/2012,558,116,1494,671,152,0,5,65,2991
Los Angeles,50,SSMM55066,65,Male,08/15/2010,04/16/2012,0,153,0,828,13,2031,4,112,3025
Seattle,66,SSMM55067,17,Female,08/15/2010,10/15/2011,0,0,0,737,13,0,2,10,750
New York,26,SSMM55068,73,Female,08/15/2010,08/07/2011,436,0,0,0,0,0,1,10,436
Seattle,80,SSMM55069,49,Female,08/16/2010,07/12/2012,1252,6999,2398,3884,787,1485,6,91,16805
Boston,7,SSMM55070,30,Female,08/16/2010,07/11/2012,1846,379,0,464,173,0,4,24,2862
Boston,16,SSMM55071,53,Male,08/16/2010,07/11/2012,1905,1070,433,2656,28,0,5,101,6092
Boston,4,SSMM55072,47,Female,08/16/2010,07/07/2012,3510,3215,12446,5755,2822,2376,6,73,30124
Seattle,68,SSMM55073,59,Female,08/16/2010,07/06/2012,7256,2681,2468,1099,516,3733,6,147,17753
Boston,16,SSMM55074,70,Female,08/16/2010,07/03/2012,1949,2364,656,690,330,401,6,196,6390
Los Angeles,46,SSMM55075,65,Female,08/16/2010,07/01/2012,756,803,1083,1237,431,4295,6,281,8605
Los Angeles,46,SSMM55076,54,Female,08/16/2010,07/01/2012,1780,6308,257,317,32,3978,6,218,12672
New York,41,SSMM55077,30,Female,08/16/2010,06/30/2012,803,4066,1434,1563,326,285,6,136,8477
Los Angeles,48,SSMM55078,69,Female,08/16/2010,06/29/2012,4867,3730,2125,2405,966,2521,6,187,16614
Los Angeles,55,SSMM55079,70,Female,08/16/2010,06/29/2012,916,2480,301,1767,172,0,5,70,5636
Seattle,74,SSMM55080,49,Female,08/16/2010,05/30/2012,69,1516,436,1513,309,1212,6,68,5055
Los Angeles,58,SSMM55081,65,Male,08/16/2010,05/16/2012,467,0,6986,244,116,0,4,128,7813
Los Angeles,52,SSMM55082,67,Male,08/17/2010,07/13/2012,1777,2552,2464,1321,329,0,5,196,8443
Seattle,70,SSMM55083,45,Female,08/17/2010,07/09/2012,138,571,2179,3246,1327,0,5,101,7461
New York,37,SSMM55084,61,Female,08/17/2010,07/05/2012,8342,1397,2307,43,12,0,5,225,12101
Boston,3,SSMM55085,62,Female,08/17/2010,07/01/2012,1171,2606,3683,2587,788,1202,6,245,12037
New York,34,SSMM55086,58,Female,08/17/2010,06/25/2012,618,850,1814,954,171,543,6,296,4950
Los Angeles,54,SSMM55087,37,Female,08/17/2010,06/12/2012,0,4904,3249,2135,309,0,4,32,10597
Boston,19,SSMM55088,23,Male,08/17/2010,04/18/2012,0,565,430,84,20,0,4,96,1099
Seattle,70,SSMM55089,59,Male,08/18/2010,07/03/2012,665,1029,8223,496,119,872,6,30,11404
New York,32,SSMM55090,67,Female,08/18/2010,07/03/2012,2128,2019,2059,3670,1374,1133,6,23,12383
Boston,14,SSMM55091,58,Male,08/18/2010,06/22/2012,6882,7595,9934,756,315,8892,6,215,34374
New York,35,SSMM55092,54,Female,08/18/2010,06/20/2012,1205,5463,4408,2697,215,3140,6,77,17128
Los Angeles,53,SSMM55093,50,Male,08/19/2010,07/13/2012,5805,22218,14704,11250,5387,1102,6,118,60466
Boston,7,SSMM55094,66,Female,08/19/2010,07/10/2012,1183,2292,1350,2216,325,2725,6,260,10091
Los Angeles,45,SSMM55095,71,Female,08/19/2010,07/06/2012,248,1642,1777,3070,777,0,5,82,7514
Los Angeles,51,SSMM55096,68,Male,08/19/2010,07/05/2012,2317,3705,0,1023,32,0,4,7,7077
Boston,12,SSMM55097,30,Female,08/19/2010,07/01/2012,0,4578,3538,1306,340,0,4,54,9762
Boston,17,SSMM55098,61,Male,08/19/2010,05/26/2012,2226,0,310,634,113,106,5,43,3389
Seattle,79,SSMM55099,75,Female,08/19/2010,04/22/2012,2854,599,106,4681,828,0,5,112,9068
Seattle,83,SSMM55100,69,Female,08/19/2010,04/21/2012,0,251,1127,0,0,0,2,13,1378
New York,24,SSMM55101,58,Female,08/20/2010,07/13/2012,5378,8565,5039,8157,3190,2292,6,191,32621
New York,30,SSMM55102,47,Male,08/20/2010,07/08/2012,4091,392,1180,2866,1016,1852,6,185,11397
Boston,17,SSMM55103,32,Male,08/20/2010,07/04/2012,3388,8154,12830,863,168,2317,6,99,27720
New York,28,SSMM55104,41,Female,08/20/2010,07/04/2012,91,9247,1268,690,99,0,5,85,11395
Seattle,81,SSMM55105,70,Female,08/20/2010,07/02/2012,1108,2414,3808,606,220,606,6,227,8762
Seattle,70,SSMM55106,63,Male,08/20/2010,06/29/2012,370,1993,624,2496,494,0,5,44,5977
Boston,6,SSMM55107,57,Male,08/20/2010,06/27/2012,3579,7828,6572,4333,808,401,6,178,23521
Los Angeles,55,SSMM55108,65,Female,08/20/2010,06/25/2012,2436,216,3086,2995,1104,2788,6,231,12625
Boston,10,SSMM55109,54,Male,08/20/2010,06/14/2012,367,2094,747,1563,619,2019,6,64,7409
Los Angeles,56,SSMM55110,33,Female,08/20/2010,06/09/2012,0,1127,1089,0,0,0,2,59,2216
Boston,10,SSMM55111,35,Male,08/20/2010,06/01/2012,942,521,0,147,70,1120,5,150,2800
Boston,16,SSMM55112,73,Female,08/20/2010,04/15/2012,2282,675,2226,3092,1191,43,6,190,9509
Los Angeles,63,SSMM55113,67,Male,08/20/2010,09/20/2011,43,53,0,263,3,0,4,139,362
Seattle,82,SSMM55114,51,Female,08/21/2010,06/26/2012,1921,2358,3070,781,152,0,5,40,8282
New York,27,SSMM55115,56,Female,08/21/2010,06/14/2012,436,0,314,1155,519,0,4,57,2424
Los Angeles,49,SSMM55116,46,Female,08/22/2010,07/12/2012,1161,6550,6886,4254,1445,91,6,258,20387
New York,22,SSMM55117,52,Female,08/22/2010,07/08/2012,2543,2241,6053,772,197,5604,6,268,17410
Los Angeles,46,SSMM55118,50,Male,08/22/2010,07/06/2012,3039,8135,6358,4945,1539,1748,6,139,25764
Los Angeles,56,SSMM55119,56,Female,08/22/2010,07/05/2012,0,2263,1899,741,12,0,4,134,4915
New York,35,SSMM55120,52,Female,08/22/2010,05/31/2012,361,1340,323,207,71,606,6,289,2908
Boston,5,SSMM55121,47,Female,08/23/2010,07/12/2012,1664,5595,69,1315,584,0,5,24,9227
Boston,18,SSMM55122,47,Male,08/23/2010,07/11/2012,0,558,2238,1007,133,0,4,178,3936
Boston,16,SSMM55123,58,Female,08/23/2010,07/10/2012,2574,2263,458,734,212,2395,6,191,8636
Seattle,73,SSMM55124,66,Female,08/23/2010,06/27/2012,467,901,2813,1987,58,778,6,87,7004
New York,34,SSMM55125,51,Female,08/23/2010,04/16/2012,1051,0,747,147,71,0,4,123,2016
Seattle,71,SSMM55126,34,Female,08/24/2010,07/12/2012,4531,1585,2929,1127,424,3899,6,78,14495
New York,36,SSMM55127,56,Male,08/24/2010,07/02/2012,1742,335,7030,1943,83,1117,6,264,12250
New York,23,SSMM55128,50,Female,08/24/2010,07/01/2012,4176,3956,8421,3708,1553,1931,6,223,23745
Boston,19,SSMM55129,61,Female,08/24/2010,06/19/2012,5115,153,1095,477,206,433,6,23,7479
Seattle,75,SSMM55130,73,Female,08/24/2010,05/20/2012,1818,4697,759,106,47,935,6,182,8362
Boston,13,SSMM55131,67,Female,08/24/2010,05/20/2012,0,0,562,797,245,3698,4,15,5302
Los Angeles,44,SSMM55132,61,Male,08/24/2010,04/17/2012,467,216,0,81,37,0,4,12,801
New York,38,SSMM55133,45,Female,08/24/2010,04/01/2012,0,1183,0,963,153,1576,4,158,3875
Seattle,82,SSMM55134,54,Female,08/24/2010,12/23/2011,304,558,0,1337,389,405,5,53,2993
Seattle,70,SSMM55135,71,Female,08/24/2010,11/14/2011,2157,91,0,163,76,0,4,20,2487
Boston,15,SSMM55136,59,Male,08/24/2010,08/29/2011,527,0,91,719,56,0,4,66,1393
Boston,17,SSMM55137,47,Female,08/24/2010,08/01/2011,0,323,0,0,0,0,1,11,323
New York,37,SSMM55138,72,Female,08/26/2010,06/26/2012,4468,4747,3670,4882,1720,449,6,138,19936
New York,35,SSMM55139,26,Female,08/26/2010,06/12/2012,31,345,2593,1271,529,122,6,181,4891
Los Angeles,44,SSMM55140,69,Female,08/26/2010,05/24/2012,4584,216,1409,2442,348,373,6,3,9372
New York,34,SSMM55141,41,Female,08/29/2010,07/04/2012,1199,3118,3356,913,8,3928,6,213,12522
Seattle,73,SSMM55142,54,Female,08/30/2010,07/05/2012,1337,7394,6399,7247,1749,0,5,103,24126
Los Angeles,48,SSMM55143,74,Male,08/30/2010,06/23/2012,9350,3001,6823,276,117,467,6,14,20034
New York,37,SSMM55144,42,Male,09/03/2010,04/08/2012,0,0,310,91,20,0,3,52,421
Los Angeles,50,SSMM55145,55,Male,09/05/2010,05/12/2012,75,810,2188,232,89,1915,6,37,5309
Boston,13,SSMM55146,46,Female,09/06/2010,07/12/2012,7985,1814,3494,3121,1248,1683,6,5,19345
Seattle,76,SSMM55147,55,Male,09/06/2010,06/25/2012,4832,4710,1309,1664,760,524,6,177,13799
New York,38,SSMM55148,63,Male,09/06/2010,05/18/2012,0,0,0,131,35,0,2,77,166
Seattle,80,SSMM55149,41,Female,09/06/2010,04/24/2012,1463,1023,938,1601,239,182,6,225,5446
Boston,8,SSMM55150,61,Female,09/07/2010,06/29/2012,310,213,2125,216,38,4524,6,277,7426
New York,26,SSMM55151,42,Male,09/07/2010,06/28/2012,248,2132,2471,2169,161,0,5,81,7181
New York,24,SSMM55152,73,Female,09/10/2010,06/29/2012,8082,1959,0,1089,239,0,4,102,11369
New York,36,SSMM55153,35,Female,09/10/2010,12/13/2011,182,0,0,0,0,0,1,2,182
Seattle,71,SSMM55154,71,Female,09/11/2010,06/17/2012,2694,0,0,254,45,0,3,114,2993
Los Angeles,61,SSMM55155,53,Male,09/13/2010,07/01/2012,5793,1372,2075,401,84,0,5,153,9725
Seattle,81,SSMM55156,29,Male,09/16/2010,06/30/2012,150,2373,59,160,66,0,5,115,2808
Boston,14,SSMM55157,43,Female,09/17/2010,06/11/2012,0,226,125,508,104,282,5,16,1245
Seattle,83,SSMM55158,68,Female,09/18/2010,06/26/2012,979,3089,1249,329,133,1193,6,6,6972
New York,38,SSMM55159,41,Female,09/19/2010,07/08/2012,838,715,1620,2725,313,370,6,85,6581
New York,39,SSMM55160,62,Female,09/19/2010,07/01/2012,2832,951,558,527,131,4857,6,69,9856
Los Angeles,50,SSMM55161,46,Male,09/21/2010,07/09/2012,100,235,2342,2292,1016,0,5,204,5985
New York,26,SSMM55162,54,Female,09/21/2010,06/18/2012,2091,329,467,1017,77,0,5,97,3981
New York,32,SSMM55163,65,Female,09/22/2010,07/11/2012,653,332,310,169,77,1679,6,209,3220
New York,27,SSMM55164,62,Female,09/24/2010,03/12/2012,0,244,0,0,0,624,2,23,868
New York,42,SSMM55165,28,Female,09/25/2010,06/08/2012,1510,624,0,116,23,533,5,5,2806
Los Angeles,55,SSMM55166,28,Female,09/25/2010,01/26/2012,307,0,0,775,242,138,4,55,1462
Boston,4,SSMM55167,69,Female,09/28/2010,05/28/2012,351,191,938,323,34,0,5,203,1837
Boston,15,SSMM55168,68,Female,09/29/2010,06/18/2012,1836,216,2813,496,248,574,6,245,6183
Boston,8,SSMM55169,53,Female,09/29/2010,05/30/2012,109,0,3557,1293,236,0,4,167,5195
Boston,16,SSMM55170,56,Female,09/30/2010,07/11/2012,94,1425,0,370,24,263,5,19,2176
Los Angeles,57,SSMM55171,28,Female,10/01/2010,06/30/2012,1739,2295,122,3334,427,527,6,113,8444
Boston,11,SSMM55172,50,Female,10/01/2010,05/12/2012,3174,4656,1482,1497,615,1130,6,2,12554
Seattle,71,SSMM55173,26,Male,10/02/2010,07/13/2012,1299,810,1500,524,235,0,5,20,4368
Boston,3,SSMM55174,71,Male,10/04/2010,05/24/2012,323,1362,527,0,0,0,3,21,2212
New York,34,SSMM55175,66,Female,10/04/2010,01/01/2012,72,31,624,1007,407,1026,6,210,3167
Boston,20,SSMM55176,71,Female,10/07/2010,06/04/2012,153,1073,2468,0,0,1372,4,74,5066
Boston,5,SSMM55177,52,Male,10/08/2010,04/21/2012,91,87,938,474,211,0,5,139,1801
New York,41,SSMM55178,41,Female,10/09/2010,07/05/2012,0,0,938,0,0,0,1,48,938
Los Angeles,59,SSMM55179,64,Female,10/10/2010,07/13/2012,1717,885,1843,222,99,7357,6,83,12123
New York,29,SSMM55180,62,Female,10/11/2010,06/02/2012,4031,904,4493,4559,1223,3441,6,174,18651
New York,36,SSMM55181,66,Female,10/12/2010,02/02/2012,671,2549,467,0,0,0,3,36,3687
Boston,2,SSMM55182,67,Female,10/14/2010,06/24/2012,0,1683,1343,153,3,1215,5,197,4397
Los Angeles,50,SSMM55183,58,Female,10/15/2010,06/26/2012,866,1874,1007,1990,479,1055,6,100,7271
Los Angeles,54,SSMM55184,45,Male,10/16/2010,07/01/2012,857,4135,7608,1598,357,0,5,107,14555
Los Angeles,44,SSMM55185,65,Male,10/16/2010,06/12/2012,785,295,763,157,68,2945,6,59,5013
Seattle,69,SSMM55186,60,Male,10/16/2010,11/12/2011,18,835,1095,216,17,91,6,239,2272
New York,32,SSMM55187,63,Male,10/17/2010,05/31/2012,0,232,1504,0,0,574,3,146,2310
Boston,19,SSMM55188,38,Male,10/18/2010,07/12/2012,1686,3334,2700,81,24,703,6,261,8528
Boston,5,SSMM55189,44,Male,10/22/2010,07/09/2012,1007,1808,1218,709,8,794,6,189,5544
Los Angeles,60,SSMM55190,16,Female,10/23/2010,07/05/2012,0,59,0,3862,86,0,3,88,4007
Los Angeles,44,SSMM55191,46,Male,10/23/2010,06/30/2012,756,7919,7344,3934,1783,329,6,213,22065
Seattle,65,SSMM55192,49,Male,10/23/2010,04/03/2012,0,0,935,0,0,960,2,81,1895
Seattle,66,SSMM55193,53,Male,10/25/2010,10/31/2011,0,91,0,0,0,0,1,21,91
New York,40,SSMM55194,48,Male,10/28/2010,06/29/2012,9350,6201,885,100,44,3111,6,205,19691
Los Angeles,47,SSMM55195,41,Female,10/30/2010,06/27/2012,0,4207,1218,1874,458,0,4,166,7757
New York,35,SSMM55196,43,Female,11/05/2010,03/12/2012,0,0,248,665,317,0,3,85,1230
Seattle,75,SSMM55197,61,Female,11/05/2010,10/14/2011,0,0,0,0,0,405,1,1,405
New York,22,SSMM55198,69,Male,11/08/2010,06/30/2012,4970,1573,4166,3077,286,3689,6,131,17761
Seattle,69,SSMM55199,71,Male,11/11/2010,02/21/2012,0,1362,0,0,0,0,1,15,1362
Boston,14,SSMM55200,46,Female,11/12/2010,06/28/2012,1089,979,1343,2728,264,464,6,218,6867
Los Angeles,45,SSMM55201,59,Female,11/12/2010,06/23/2012,1243,449,1092,2596,180,850,6,158,6410
Seattle,66,SSMM55202,59,Female,11/16/2010,05/19/2012,565,2285,1497,285,61,2204,6,106,6897
New York,29,SSMM55203,55,Female,11/22/2010,06/07/2012,1931,163,872,1504,292,0,5,127,4762
Seattle,66,SSMM55204,45,Female,11/24/2010,04/01/2012,59,5714,1092,1836,555,0,5,100,9256
New York,23,SSMM55205,54,Male,11/30/2010,04/10/2012,621,270,0,1026,197,0,4,129,2114
Seattle,69,SSMM55206,55,Male,12/02/2010,04/15/2012,1846,2876,310,238,24,292,6,156,5586
New York,37,SSMM55207,62,Male,12/03/2010,05/29/2012,4421,471,1431,373,171,1777,6,49,8644
Seattle,84,SSMM55208,44,Male,12/05/2010,04/02/2012,0,310,0,0,0,0,1,16,310
Boston,10,SSMM55209,39,Female,12/06/2010,07/09/2012,709,1541,310,0,0,0,3,90,2560
Los Angeles,59,SSMM55210,53,Female,12/09/2010,05/26/2012,747,1265,546,153,55,0,5,90,2766
Boston,9,SSMM55211,73,Female,12/10/2010,07/13/2012,241,778,1186,3303,473,0,5,98,5981
Boston,18,SSMM55212,50,Female,12/11/2010,07/13/2012,3278,467,5240,449,90,122,6,12,9646
Seattle,78,SSMM55213,58,Female,12/11/2010,06/27/2012,2395,4282,1152,295,70,838,6,190,9032
Boston,6,SSMM55214,62,Female,12/12/2010,04/21/2012,1488,2584,1372,514,79,138,6,17,6175
Los Angeles,59,SSMM55215,60,Male,12/13/2010,06/27/2012,1356,533,2468,2207,179,756,6,253,7499
Boston,20,SSMM55216,49,Female,12/13/2010,06/05/2012,2323,4304,449,1956,864,1422,6,100,11318
New York,32,SSMM55217,68,Male,12/14/2010,04/13/2012,1202,0,0,0,0,0,1,45,1202
Boston,6,SSMM55218,67,Male,12/14/2010,01/30/2012,467,0,0,0,0,0,1,28,467
New York,30,SSMM55219,63,Female,12/15/2010,07/09/2012,15665,2398,3086,2270,1095,4625,6,30,29139
Boston,13,SSMM55220,71,Female,12/15/2010,06/25/2012,3727,1312,91,2006,285,59,6,225,7480
Boston,10,SSMM55221,53,Male,12/15/2010,03/07/2012,1252,794,499,78,4,687,6,270,3314
Seattle,77,SSMM55222,64,Female,12/17/2010,02/27/2012,273,0,3061,405,20,3978,5,207,7737
Los Angeles,58,SSMM55223,74,Female,12/18/2010,06/25/2012,4634,354,59,5250,362,0,5,176,10659
Los Angeles,52,SSMM55224,42,Male,12/20/2010,05/30/2012,0,1350,1117,2474,764,0,4,82,5705
New York,32,SSMM55225,65,Male,12/20/2010,10/25/2011,0,1937,0,0,0,0,1,25,1937
Seattle,81,SSMM55226,45,Female,12/21/2010,07/13/2012,0,298,0,1755,755,0,3,52,2808
Boston,10,SSMM55227,52,Female,12/21/2010,06/23/2012,37,2625,938,4675,2017,0,5,29,10292
Seattle,65,SSMM55228,73,Female,12/21/2010,06/08/2012,0,2461,2552,1949,713,0,4,85,7675
Los Angeles,51,SSMM55229,57,Male,12/24/2010,06/21/2012,624,0,6458,47,20,210,5,9,7359
New York,37,SSMM55230,54,Female,12/25/2010,06/23/2012,0,649,2188,128,41,681,5,203,3687
Boston,9,SSMM55231,50,Female,12/28/2010,06/24/2012,0,1943,279,370,85,467,5,37,3144
Los Angeles,57,SSMM55232,65,Female,12/28/2010,02/17/2012,248,307,1026,2106,429,678,6,119,4794
Seattle,80,SSMM55233,29,Male,12/29/2010,06/27/2012,471,5397,2766,2141,947,719,6,143,12441
Boston,7,SSMM55234,36,Male,12/30/2010,06/20/2012,467,7438,4314,3315,520,0,5,144,16054
Los Angeles,45,SSMM55235,22,Male,12/31/2010,05/22/2012,0,967,967,0,0,0,2,95,1934
Boston,2,SSMM55236,63,Male,01/01/2011,07/08/2012,75,2637,1657,486,217,1730,6,109,6802
New York,33,SSMM55237,50,Female,01/01/2011,06/28/2012,2053,587,7099,1095,149,2119,6,71,13102
Boston,15,SSMM55238,63,Male,01/02/2011,06/25/2012,2072,1576,3118,518,205,2634,6,94,10123
Seattle,83,SSMM55239,65,Female,01/02/2011,06/24/2012,2477,4559,628,1978,550,3011,6,207,13203
Los Angeles,60,SSMM55240,62,Male,01/03/2011,07/09/2012,2267,3391,5457,1717,384,1868,6,269,15084
New York,33,SSMM55241,20,Female,01/03/2011,04/09/2012,75,5787,0,1284,589,527,5,4,8262
New York,37,SSMM55242,60,Female,01/04/2011,05/22/2012,938,2439,3771,1497,622,649,6,175,9916
Los Angeles,61,SSMM55243,40,Female,01/04/2011,04/12/2012,191,1679,0,348,127,4022,5,245,6367
New York,35,SSMM55244,51,Female,01/05/2011,06/20/2012,332,75,1852,0,0,1149,4,59,3408
New York,23,SSMM55245,54,Female,01/07/2011,07/12/2012,1309,2747,131,282,101,0,5,145,4570
Boston,12,SSMM55246,51,Female,01/07/2011,07/07/2012,2618,2898,5947,3560,18,464,6,120,15505
Seattle,72,SSMM55247,42,Male,01/07/2011,05/31/2012,87,301,0,1036,328,0,4,112,1752
Seattle,72,SSMM55248,49,Female,01/07/2011,08/22/2011,0,0,0,351,106,0,2,23,457
Seattle,67,SSMM55249,51,Female,01/08/2011,07/05/2012,2169,998,185,1186,426,1026,6,254,5990
New York,42,SSMM55250,52,Female,01/10/2011,04/03/2012,0,624,0,0,0,0,1,18,624
Seattle,67,SSMM55251,74,Female,01/12/2011,07/02/2012,2251,4173,621,813,269,0,5,157,8127
Seattle,72,SSMM55252,74,Female,01/12/2011,05/31/2012,521,4543,558,2703,1097,467,6,291,9889
Boston,7,SSMM55253,53,Male,01/12/2011,02/01/2012,364,0,5096,942,291,0,4,71,6693
New York,37,SSMM55254,48,Female,01/14/2011,07/11/2012,4716,3702,1736,4546,1833,825,6,103,17358
Los Angeles,45,SSMM55255,62,Female,01/14/2011,06/29/2012,185,954,1560,574,18,1158,6,147,4449
Los Angeles,60,SSMM55256,49,Female,01/14/2011,01/10/2012,0,2100,216,0,0,0,2,66,2316
Boston,6,SSMM55257,58,Female,01/15/2011,07/04/2012,273,2891,715,1818,888,0,5,87,6585
Los Angeles,63,SSMM55258,22,Female,01/15/2011,06/14/2012,59,200,1183,1277,525,75,6,287,3319
Seattle,80,SSMM55259,66,Female,01/15/2011,03/24/2012,0,0,1997,1086,171,248,4,152,3502
New York,29,SSMM55260,65,Female,01/16/2011,06/17/2012,2508,3541,2081,916,176,2317,6,55,11539
Boston,20,SSMM55261,26,Male,01/16/2011,05/14/2012,0,2637,0,153,42,0,3,130,2832
Los Angeles,45,SSMM55262,54,Male,01/16/2011,04/12/2012,549,0,1252,361,49,0,4,17,2211
Seattle,76,SSMM55263,56,Female,01/17/2011,04/01/2012,0,182,0,0,0,276,2,7,458
Los Angeles,57,SSMM55264,47,Male,01/18/2011,06/24/2012,810,2490,0,0,0,0,2,89,3300
Los Angeles,52,SSMM55265,39,Female,01/19/2011,08/09/2011,1774,0,0,0,0,0,1,47,1774
New York,40,SSMM55266,66,Female,01/20/2011,11/10/2011,436,750,169,423,114,0,5,24,1892
Los Angeles,61,SSMM55267,73,Male,01/21/2011,01/30/2012,131,59,0,1601,200,0,4,64,1991
Boston,15,SSMM55268,54,Male,01/22/2011,07/13/2012,3642,7937,0,1315,483,0,4,140,13377
New York,38,SSMM55269,75,Male,01/23/2011,07/10/2012,56,3243,0,6898,2324,0,4,63,12521
Boston,7,SSMM55270,52,Female,01/23/2011,07/09/2012,954,9036,1962,2003,266,0,5,28,14221
Seattle,68,SSMM55271,71,Female,01/23/2011,07/07/2012,436,3278,3340,4411,398,0,5,102,11863
Boston,19,SSMM55272,69,Male,01/23/2011,07/04/2012,417,8138,1095,238,52,216,6,259,10156
Los Angeles,56,SSMM55273,42,Female,01/23/2011,07/02/2012,0,153,649,998,300,0,4,29,2100
Boston,7,SSMM55274,76,Male,01/23/2011,06/25/2012,3413,1880,0,153,31,0,4,44,5477
Seattle,78,SSMM55275,72,Male,01/23/2011,06/17/2012,3934,1648,53,276,21,0,5,50,5932
Seattle,66,SSMM55276,69,Female,01/23/2011,06/16/2012,310,373,0,0,0,747,3,96,1430
Seattle,77,SSMM55277,63,Male,01/23/2011,05/29/2012,56,1092,1968,3265,332,806,6,56,7519
New York,25,SSMM55278,39,Male,01/23/2011,04/03/2012,938,2047,1494,420,186,0,5,137,5085
New York,39,SSMM55279,47,Male,01/24/2011,06/19/2012,7313,1667,0,153,72,0,4,188,9205
Los Angeles,54,SSMM55280,25,Female,01/24/2011,04/27/2012,248,163,1343,0,0,75,4,47,1829
Boston,20,SSMM55281,75,Female,01/25/2011,07/07/2012,2154,540,781,153,36,0,5,4,3664
Seattle,64,SSMM55282,57,Female,01/25/2011,06/11/2012,2273,0,0,2797,314,216,4,4,5600
Boston,18,SSMM55283,59,Female,01/25/2011,05/08/2012,1328,646,938,0,0,0,3,83,2912
Boston,21,SSMM55284,50,Male,01/26/2011,03/28/2012,323,3874,59,879,13,0,5,219,5148
Los Angeles,55,SSMM55285,60,Female,01/27/2011,07/11/2012,5042,2267,1956,2198,160,2819,6,76,14442
Seattle,82,SSMM55286,63,Male,01/27/2011,06/28/2012,1428,417,1968,741,193,1114,6,203,5861
Boston,14,SSMM55287,48,Female,01/28/2011,06/08/2012,2546,4320,1541,6427,2207,621,6,96,17662
Boston,3,SSMM55288,53,Male,01/28/2011,06/02/2012,2468,251,0,0,0,0,2,68,2719
Boston,11,SSMM55289,68,Male,01/29/2011,06/15/2012,3714,1095,2750,1230,294,0,5,165,9083
New York,29,SSMM55290,67,Male,01/29/2011,05/31/2012,348,200,153,967,110,0,5,64,1778
Los Angeles,52,SSMM55291,66,Female,01/30/2011,07/10/2012,298,1293,4063,1296,560,1899,6,185,9409
Boston,20,SSMM55292,60,Female,01/30/2011,06/29/2012,1190,433,310,2257,945,0,5,179,5135
Seattle,65,SSMM55293,59,Female,01/30/2011,06/25/2012,310,1029,781,295,69,1224,6,281,3708
New York,35,SSMM55294,70,Male,01/30/2011,04/21/2012,50,1978,1560,91,3,169,6,180,3851
Seattle,83,SSMM55295,45,Female,01/31/2011,06/05/2012,467,1262,0,1080,430,0,4,77,3239
Seattle,65,SSMM55296,53,Male,01/31/2011,04/09/2012,1237,474,806,389,85,744,6,234,3735
Los Angeles,60,SSMM55297,63,Male,02/02/2011,05/21/2012,1852,3187,0,505,163,279,5,217,5986
Seattle,78,SSMM55298,24,Male,02/03/2011,06/17/2012,480,251,232,216,54,0,5,147,1233
Los Angeles,51,SSMM55299,74,Female,02/04/2011,08/07/2011,0,0,0,433,142,0,2,15,575
Boston,15,SSMM55300,52,Female,02/05/2011,07/08/2012,653,248,59,1629,148,0,5,192,2737
Los Angeles,49,SSMM55301,41,Male,02/05/2011,06/29/2012,1142,1230,1199,725,284,496,6,200,5076
New York,37,SSMM55302,46,Male,02/05/2011,06/15/2012,621,16014,5887,1604,38,0,5,174,24164
New York,40,SSMM55303,43,Female,02/05/2011,03/02/2012,0,1604,1343,56,7,0,4,87,3010
Los Angeles,48,SSMM55304,77,Female,02/06/2011,06/09/2012,1120,1350,0,386,84,0,4,159,2940
New York,31,SSMM55305,40,Male,02/06/2011,06/03/2012,863,2998,6597,555,76,0,5,80,11089
New York,37,SSMM55306,75,Female,02/08/2011,07/05/2012,1821,1340,3215,1196,217,0,5,159,7789
Boston,6,SSMM55307,59,Male,02/08/2011,07/02/2012,1004,3105,624,1708,105,370,6,248,6916
New York,28,SSMM55308,58,Male,02/09/2011,06/27/2012,3557,3366,3783,1347,346,0,5,108,12399
New York,27,SSMM55309,65,Male,02/09/2011,06/13/2012,2198,1325,4465,1268,451,433,6,200,10140
Boston,16,SSMM55310,60,Female,02/11/2011,07/03/2012,662,2307,401,72,11,492,6,88,3945
Seattle,70,SSMM55311,72,Female,02/11/2011,06/21/2012,109,803,0,574,49,0,4,111,1535
Seattle,66,SSMM55312,55,Female,02/11/2011,04/24/2012,452,0,778,1042,341,0,4,169,2613
Seattle,79,SSMM55313,48,Female,02/12/2011,06/23/2012,480,3632,2546,1447,189,649,6,65,8943
Los Angeles,48,SSMM55314,59,Female,02/13/2011,07/10/2012,898,5991,1827,2367,672,43,6,183,11798
New York,29,SSMM55315,38,Male,02/13/2011,07/06/2012,0,53,0,1975,725,0,3,43,2753
Boston,20,SSMM55316,30,Female,02/13/2011,06/25/2012,558,232,0,496,117,0,4,125,1403
Los Angeles,50,SSMM55317,67,Female,02/13/2011,06/22/2012,1981,2807,5868,4019,1438,0,5,183,16113
Los Angeles,51,SSMM55318,53,Male,02/13/2011,06/01/2012,0,0,467,1142,554,0,3,143,2163
Los Angeles,50,SSMM55319,70,Female,02/13/2011,07/30/2011,1092,0,0,0,0,0,1,17,1092
Seattle,68,SSMM55320,38,Female,02/14/2011,06/18/2012,0,1334,562,540,98,0,4,92,2534
Seattle,64,SSMM55321,74,Female,02/14/2011,06/03/2012,0,992,467,128,10,0,4,171,1597
Seattle,75,SSMM55322,62,Male,02/15/2011,07/09/2012,0,0,1246,2201,902,0,3,107,4349
Seattle,83,SSMM55323,63,Male,02/15/2011,07/03/2012,3271,819,3648,750,335,4213,6,224,13036
Seattle,65,SSMM55324,75,Female,02/15/2011,06/30/2012,9561,1243,1058,3676,267,248,6,282,16053
Boston,8,SSMM55325,66,Male,02/15/2011,06/20/2012,1563,370,0,75,2,0,4,163,2010
Los Angeles,55,SSMM55326,73,Male,02/16/2011,04/25/2012,819,238,0,326,87,0,4,178,1470
New York,33,SSMM55327,50,Female,02/17/2011,06/19/2012,3359,3463,138,2289,770,1058,6,2,11077
Boston,9,SSMM55328,65,Female,02/17/2011,05/28/2012,94,1340,0,1736,102,0,4,46,3272
Seattle,66,SSMM55329,71,Female,02/17/2011,04/11/2012,2427,1155,0,1635,781,901,5,23,6899
Boston,11,SSMM55330,38,Female,02/19/2011,07/11/2012,122,4223,0,4465,372,43,5,138,9225
New York,27,SSMM55331,55,Female,02/20/2011,07/05/2012,1789,2530,1500,1139,188,2807,6,238,9953
Boston,12,SSMM55332,72,Female,02/20/2011,06/24/2012,0,1626,1591,1205,334,0,4,67,4756
Seattle,70,SSMM55333,45,Female,02/20/2011,05/21/2012,423,2662,467,178,49,122,6,13,3901
New York,29,SSMM55334,70,Female,02/20/2011,04/10/2012,810,178,0,116,22,405,5,75,1531
Seattle,73,SSMM55335,51,Female,02/20/2011,03/26/2012,1667,1271,2493,304,62,185,6,7,5982
Los Angeles,52,SSMM55336,35,Female,02/21/2011,05/21/2012,838,1340,778,430,153,759,6,154,4298
Los Angeles,60,SSMM55337,55,Female,02/22/2011,07/11/2012,753,0,744,78,17,232,5,54,1824
Boston,16,SSMM55338,69,Male,02/22/2011,06/30/2012,2961,8280,4022,2939,274,0,5,204,18476
Los Angeles,54,SSMM55339,47,Female,02/22/2011,06/27/2012,1516,3070,0,4936,2255,0,4,137,11777
New York,25,SSMM55340,42,Female,02/22/2011,05/26/2012,50,2804,0,0,0,467,3,99,3321
Seattle,75,SSMM55341,72,Female,02/22/2011,04/12/2012,728,292,411,728,39,0,5,200,2198
New York,34,SSMM55342,38,Male,02/23/2011,06/24/2012,832,59,0,0,0,0,2,66,891
Los Angeles,46,SSMM55343,61,Female,02/23/2011,06/19/2012,1180,499,153,3042,66,0,5,150,4940
Boston,14,SSMM55344,45,Female,02/24/2011,04/18/2012,0,0,216,6308,652,0,3,139,7176
New York,37,SSMM55345,72,Female,02/25/2011,07/12/2012,885,1789,1124,2687,536,0,5,28,7021
Seattle,78,SSMM55346,35,Female,02/25/2011,07/05/2012,690,1551,0,157,35,0,4,47,2433
Seattle,68,SSMM55347,59,Female,02/25/2011,06/16/2012,1727,2276,1186,0,0,527,4,133,5716
Boston,2,SSMM55348,68,Female,02/27/2011,07/03/2012,3881,5567,10019,1287,45,2753,6,193,23552
Boston,20,SSMM55349,54,Female,02/27/2011,06/28/2012,2122,1117,2860,511,226,1648,6,91,8484
New York,36,SSMM55350,49,Male,02/27/2011,05/14/2012,1362,147,1343,1089,466,0,5,119,4407
Boston,20,SSMM55351,51,Male,02/27/2011,04/15/2012,2574,141,1186,1124,521,1403,6,201,6949
Boston,8,SSMM55352,78,Female,02/28/2011,06/14/2012,587,612,599,2945,986,91,6,118,5820
Seattle,76,SSMM55353,65,Female,02/28/2011,06/10/2012,649,0,935,204,10,2452,5,127,4250
Boston,17,SSMM55354,48,Female,03/01/2011,06/22/2012,0,53,467,1416,239,0,4,111,2175
New York,24,SSMM55355,43,Male,03/02/2011,06/25/2012,1836,781,562,75,17,0,5,154,3271
Los Angeles,55,SSMM55356,51,Female,03/06/2011,06/05/2012,185,1482,0,0,0,0,2,26,1667
Los Angeles,54,SSMM55357,45,Female,03/07/2011,06/27/2012,715,4323,948,2216,332,260,6,212,8794
New York,31,SSMM55358,68,Female,03/07/2011,06/07/2012,427,2753,467,138,63,185,6,51,4033
Seattle,70,SSMM55359,43,Female,03/07/2011,06/01/2012,0,985,1566,1742,720,0,4,152,5013
Los Angeles,52,SSMM55360,60,Female,03/07/2011,05/07/2012,50,1884,1554,659,28,1083,6,17,5258
Seattle,67,SSMM55361,46,Male,03/08/2011,06/25/2012,3777,1485,593,2606,448,1403,6,47,10312
Seattle,80,SSMM55362,57,Male,03/08/2011,05/14/2012,0,502,1657,405,170,0,4,86,2734
Seattle,68,SSMM55363,63,Male,03/09/2011,06/26/2012,967,0,3177,580,193,1130,5,202,6047
New York,25,SSMM55364,60,Female,03/09/2011,06/25/2012,266,1142,1058,778,351,1299,6,105,4894
Boston,4,SSMM55365,67,Female,03/09/2011,06/24/2012,2358,1745,2659,806,356,0,5,126,7924
Los Angeles,44,SSMM55366,47,Female,03/10/2011,05/27/2012,0,1774,1026,122,24,169,5,205,3115
Los Angeles,43,SSMM55367,48,Male,03/11/2011,06/26/2012,411,295,1962,558,32,0,5,142,3258
New York,24,SSMM55368,41,Female,03/11/2011,02/19/2012,91,1538,0,759,334,0,4,56,2722
Los Angeles,55,SSMM55369,66,Female,03/11/2011,01/21/2012,367,59,0,0,0,213,3,113,639
Seattle,73,SSMM55370,56,Female,03/13/2011,07/12/2012,2873,0,0,0,0,310,2,45,3183
Boston,5,SSMM55371,55,Male,03/13/2011,06/21/2012,1039,876,0,175,49,386,5,178,2525
New York,28,SSMM55372,53,Male,03/13/2011,06/17/2012,357,2973,781,860,153,91,6,137,5215
Boston,13,SSMM55373,71,Male,03/15/2011,07/12/2012,2480,882,1965,1946,280,0,5,102,7553
Boston,4,SSMM55374,49,Female,03/15/2011,06/25/2012,2213,2138,405,888,397,357,6,255,6398
Seattle,65,SSMM55375,65,Female,03/15/2011,06/19/2012,2125,1023,398,310,74,3463,6,25,7393
Los Angeles,52,SSMM55376,53,Female,03/15/2011,06/17/2012,1620,781,747,310,58,3149,6,112,6665
Seattle,81,SSMM55377,77,Female,03/15/2011,05/14/2012,2000,401,1215,728,294,0,5,45,4638
Boston,11,SSMM55378,51,Male,03/15/2011,03/16/2012,841,172,1089,1023,110,0,5,105,3235
Boston,1,SSMM55379,51,Female,03/16/2011,06/24/2012,1048,7617,1526,2003,573,373,6,121,13140
Seattle,72,SSMM55380,46,Female,03/17/2011,06/07/2012,957,1051,618,1171,540,715,6,68,5052
New York,34,SSMM55381,25,Female,03/17/2011,06/01/2012,0,1676,153,0,0,0,2,34,1829
Boston,1,SSMM55382,50,Female,03/17/2011,05/27/2012,0,314,0,797,308,0,3,84,1419
Boston,8,SSMM55383,58,Female,03/17/2011,04/11/2012,4370,0,1560,565,29,2822,5,49,9346
Los Angeles,59,SSMM55384,25,Male,03/19/2011,07/13/2012,1142,1855,0,427,203,0,4,184,3627
New York,39,SSMM55385,45,Female,03/19/2011,03/17/2012,624,0,370,288,5,0,4,44,1287
Boston,7,SSMM55386,49,Male,03/20/2011,06/15/2012,436,1770,4468,2185,992,216,6,45,10067
Los Angeles,44,SSMM55387,48,Male,03/21/2011,07/05/2012,0,816,1588,2289,517,0,4,111,5210
New York,24,SSMM55388,72,Female,03/21/2011,02/28/2012,0,0,0,1064,471,0,2,18,1535
Los Angeles,61,SSMM55389,38,Male,03/23/2011,07/08/2012,2455,2355,248,2345,274,0,5,190,7677
New York,24,SSMM55390,52,Female,03/23/2011,06/25/2012,1007,960,2088,951,282,307,6,37,5595
New York,23,SSMM55391,71,Female,03/24/2011,06/02/2012,53,430,0,0,0,0,2,16,483
New York,24,SSMM55392,45,Male,03/24/2011,05/24/2012,0,0,2348,979,126,75,4,2,3528
New York,25,SSMM55393,35,Female,03/24/2011,04/21/2012,182,976,1403,838,382,1164,6,286,4945
New York,40,SSMM55394,60,Female,03/25/2011,06/28/2012,370,982,1469,109,51,1478,6,215,4459
New York,38,SSMM55395,58,Female,03/26/2011,06/28/2012,2665,536,901,0,0,370,4,81,4472
Los Angeles,57,SSMM55396,49,Male,03/27/2011,07/09/2012,1168,279,348,781,224,59,6,53,2859
New York,31,SSMM55397,70,Female,03/27/2011,02/13/2012,0,2599,0,314,72,0,3,87,2985
Los Angeles,46,SSMM55398,35,Female,03/29/2011,07/11/2012,4069,1020,216,590,271,0,5,204,6166
Boston,18,SSMM55399,69,Female,03/29/2011,04/15/2012,621,781,0,157,14,0,4,94,1573
Los Angeles,60,SSMM55400,60,Female,03/30/2011,07/08/2012,6342,2009,719,408,48,1934,6,287,11460
Boston,3,SSMM55401,32,Female,03/31/2011,07/07/2012,295,1752,499,1849,103,0,5,27,4498
Los Angeles,47,SSMM55402,42,Female,03/31/2011,06/27/2012,0,376,0,932,459,153,4,170,1920
Boston,6,SSMM55403,72,Female,04/01/2011,07/03/2012,1943,2565,932,502,37,0,5,155,5979
New York,25,SSMM55404,65,Male,04/01/2011,04/22/2012,367,722,153,153,24,197,6,265,1616
New York,31,SSMM55405,73,Male,04/02/2011,06/24/2012,1117,248,3074,1632,553,175,6,37,6799
Seattle,73,SSMM55406,44,Female,04/02/2011,06/21/2012,1902,3557,1274,8132,462,0,5,179,15327
New York,40,SSMM55407,75,Male,04/03/2011,06/24/2012,2081,2420,0,0,0,0,2,22,4501
Los Angeles,48,SSMM55408,57,Female,04/03/2011,06/01/2012,1909,3146,558,0,0,279,4,146,5892
Seattle,74,SSMM55409,28,Female,04/03/2011,05/25/2012,339,606,276,1190,64,279,6,148,2754
Los Angeles,50,SSMM55410,32,Female,04/04/2011,06/15/2012,838,2455,1591,420,125,153,6,263,5582
Los Angeles,46,SSMM55411,58,Female,04/04/2011,05/21/2012,0,5089,781,1142,427,775,5,219,8214
Seattle,72,SSMM55412,51,Female,04/05/2011,07/10/2012,464,2562,2464,342,141,631,6,227,6604
Seattle,65,SSMM55413,44,Female,04/05/2011,06/28/2012,4427,5479,339,364,157,0,5,118,10766
Seattle,76,SSMM55414,72,Male,04/07/2011,07/02/2012,1080,4895,3432,4995,1213,963,6,104,16578
New York,30,SSMM55415,69,Male,04/07/2011,06/27/2012,5369,2424,725,769,336,1403,6,297,11026
New York,37,SSMM55416,37,Female,04/07/2011,05/31/2012,0,5739,1249,599,178,0,4,34,7765
Boston,14,SSMM55417,43,Female,04/07/2011,05/17/2012,0,75,1695,719,49,75,5,126,2613
Los Angeles,54,SSMM55418,32,Male,04/07/2011,04/28/2012,276,357,3281,794,32,0,5,238,4740
Seattle,67,SSMM55419,58,Male,04/07/2011,04/13/2012,496,65,480,445,19,0,5,239,1505
New York,31,SSMM55420,35,Female,04/08/2011,07/13/2012,0,662,715,584,154,0,4,139,2115
Los Angeles,59,SSMM55421,70,Male,04/08/2011,07/05/2012,50,282,838,2273,311,1701,6,206,5455
Seattle,73,SSMM55422,42,Male,04/08/2011,06/25/2012,0,6751,1061,1274,324,0,4,171,9410
Seattle,78,SSMM55423,45,Female,04/08/2011,05/08/2012,222,1661,4791,791,249,0,5,250,7714
Seattle,75,SSMM55424,32,Male,04/08/2011,03/26/2012,0,675,0,725,100,1105,4,149,2605
Seattle,82,SSMM55425,70,Male,04/08/2011,03/08/2012,2807,0,279,0,0,0,2,54,3086
New York,34,SSMM55426,63,Male,04/09/2011,07/13/2012,876,960,624,2722,591,0,5,25,5773
Boston,1,SSMM55427,65,Female,04/09/2011,05/19/2012,351,270,0,122,10,1180,5,187,1933
Seattle,83,SSMM55428,38,Male,04/09/2011,03/30/2012,0,624,1089,153,13,0,4,41,1879
Seattle,84,SSMM55429,54,Male,04/09/2011,03/25/2012,106,1083,37,797,342,0,5,205,2365
Seattle,64,SSMM55430,33,Male,04/09/2011,09/02/2011,0,0,153,0,0,0,1,21,153
Boston,15,SSMM55431,33,Female,04/10/2011,06/18/2012,1526,56,0,810,243,0,4,110,2635
Los Angeles,52,SSMM55432,49,Female,04/10/2011,06/04/2012,2389,2147,2502,907,446,1359,6,138,9750
Seattle,74,SSMM55433,45,Male,04/10/2011,04/24/2012,0,166,216,0,0,1877,3,27,2259
Los Angeles,50,SSMM55434,56,Female,04/11/2011,04/21/2012,56,916,938,113,51,1428,6,107,3502
Seattle,66,SSMM55435,23,Male,04/11/2011,04/08/2012,0,0,1281,2725,1224,185,4,99,5415
Boston,1,SSMM55436,62,Male,04/12/2011,07/11/2012,3768,3428,420,857,66,945,6,60,9484
New York,36,SSMM55437,47,Female,04/12/2011,06/24/2012,150,1350,370,288,6,0,5,219,2164
New York,25,SSMM55438,35,Male,04/14/2011,06/14/2012,0,11090,8452,693,66,0,4,155,20301
Seattle,67,SSMM55439,40,Male,04/14/2011,06/10/2012,53,514,1092,734,296,0,5,176,2689
Los Angeles,45,SSMM55440,34,Female,04/14/2011,06/03/2012,100,759,838,1061,38,938,6,54,3734
New York,36,SSMM55441,53,Female,04/15/2011,06/25/2012,1934,775,467,536,62,0,5,218,3774
Boston,2,SSMM55442,56,Female,04/16/2011,07/02/2012,248,527,624,929,233,0,5,225,2561
Boston,2,SSMM55443,52,Female,04/16/2011,04/12/2012,345,530,0,1023,484,0,4,195,2382
Boston,8,SSMM55444,57,Female,04/17/2011,07/12/2012,1277,467,2320,1409,238,3001,6,49,8712
Boston,9,SSMM55445,28,Male,04/17/2011,06/24/2012,279,1723,0,0,0,122,3,91,2124
Los Angeles,46,SSMM55446,47,Female,04/17/2011,10/22/2011,332,0,621,62,9,0,4,193,1024
Seattle,72,SSMM55447,63,Female,04/18/2011,06/29/2012,50,963,0,1092,270,3218,5,219,5593
Los Angeles,60,SSMM55448,60,Male,04/21/2011,07/12/2012,4876,3579,1199,8857,2566,0,5,95,21077
Los Angeles,52,SSMM55449,46,Male,04/22/2011,07/09/2012,59,2188,1978,4942,1815,0,5,92,10982
Seattle,66,SSMM55450,43,Male,05/09/2011,07/03/2012,2841,2756,1083,317,107,0,5,27,7104
Boston,7,SSMM55451,57,Male,05/12/2011,06/25/2012,1968,169,248,901,36,499,6,18,3821
New York,36,SSMM55452,60,Male,05/16/2011,07/07/2012,113,2976,1591,4612,1744,0,5,249,11036
New York,26,SSMM55453,51,Female,05/16/2011,07/06/2012,1720,3256,0,1557,652,0,4,105,7185
New York,34,SSMM55454,60,Female,05/16/2011,06/28/2012,671,2282,778,5686,1108,1460,6,173,11985
New York,42,SSMM55455,66,Male,05/17/2011,07/06/2012,2182,2973,467,4389,2086,0,5,43,12097
Seattle,64,SSMM55456,74,Female,05/18/2011,06/25/2012,2000,1591,1968,1406,399,383,6,223,7747
New York,40,SSMM55457,37,Male,05/19/2011,07/12/2012,467,1604,1186,6741,791,0,5,150,10789
Seattle,71,SSMM55458,66,Female,05/19/2011,06/19/2012,1362,4226,1500,5102,2249,405,6,246,14844
Los Angeles,58,SSMM55459,44,Male,05/19/2011,06/05/2012,621,1212,389,0,0,0,3,19,2222
New York,34,SSMM55460,64,Female,05/20/2011,06/24/2012,1284,1601,0,216,101,0,4,183,3202
Los Angeles,57,SSMM55461,52,Male,05/20/2011,06/08/2012,0,339,1406,1359,483,1092,5,54,4679
Boston,11,SSMM55462,69,Female,05/21/2011,07/08/2012,5532,2367,2866,11680,1253,4151,6,245,27849
New York,33,SSMM55463,49,Female,05/21/2011,06/05/2012,3573,0,185,1478,15,138,5,84,5389
New York,27,SSMM55464,57,Female,05/22/2011,06/21/2012,0,0,405,1290,183,445,4,159,2323
New York,36,SSMM55465,57,Female,05/23/2011,07/06/2012,6057,367,2546,376,61,100,6,92,9507
Los Angeles,61,SSMM55466,73,Female,05/24/2011,04/05/2012,514,722,307,891,209,712,6,268,3355
Boston,11,SSMM55467,71,Male,05/26/2011,06/17/2012,1434,2150,1965,891,296,0,5,27,6736
Seattle,79,SSMM55468,40,Female,05/26/2011,04/25/2012,160,3017,0,0,0,0,2,6,3177
New York,37,SSMM55469,72,Female,05/26/2011,04/17/2012,904,0,1343,1058,412,0,4,141,3717
Los Angeles,51,SSMM55470,68,Female,05/28/2011,05/26/2012,1391,0,1152,0,0,1262,3,119,3805
Los Angeles,61,SSMM55471,39,Female,05/29/2011,04/20/2012,0,838,2662,1635,456,590,5,202,6181
Seattle,67,SSMM55472,74,Male,06/02/2011,06/29/2012,2144,3240,0,580,223,0,4,119,6187
Los Angeles,60,SSMM55473,74,Female,06/06/2011,06/24/2012,0,0,1591,2964,626,1563,4,95,6744
Boston,8,SSMM55474,51,Female,06/08/2011,06/27/2012,1497,1139,6446,2345,719,0,5,32,12146
Seattle,65,SSMM55475,66,Female,06/08/2011,04/15/2012,279,744,310,562,51,1645,6,174,3591
Boston,16,SSMM55476,53,Male,06/09/2011,07/08/2012,2753,4791,1343,8616,3231,310,6,50,21044
Los Angeles,58,SSMM55477,76,Male,06/09/2011,06/01/2012,3337,244,0,3567,608,0,4,152,7756
Los Angeles,61,SSMM55478,70,Male,06/09/2011,05/17/2012,1720,662,43,144,62,248,6,119,2879
Boston,12,SSMM55479,32,Female,06/10/2011,06/30/2012,1557,1893,747,3871,1641,558,6,294,10267
Boston,8,SSMM55480,74,Male,06/14/2011,07/12/2012,923,1029,4157,1086,470,0,5,5,7665
Los Angeles,56,SSMM55481,27,Female,06/18/2011,06/28/2012,248,979,467,514,225,0,5,51,2433
New York,24,SSMM55482,68,Male,06/18/2011,06/16/2012,1070,1212,562,204,24,957,6,288,4029
Seattle,71,SSMM55483,64,Male,06/18/2011,06/03/2012,2555,2025,1560,609,243,0,5,141,6992
Los Angeles,50,SSMM55484,75,Female,06/19/2011,07/02/2012,3717,1858,3369,3183,1585,681,6,267,14393
New York,23,SSMM55485,70,Female,06/19/2011,07/01/2012,2182,524,0,1428,63,0,4,167,4197
New York,28,SSMM55486,71,Female,06/20/2011,07/08/2012,370,1733,0,304,9,0,4,95,2416
Los Angeles,55,SSMM55487,66,Female,06/20/2011,07/05/2012,0,0,0,4706,393,945,3,8,6044
New York,32,SSMM55488,46,Female,06/20/2011,06/28/2012,712,2072,185,3504,1377,819,6,14,8669
New York,26,SSMM55489,71,Male,06/20/2011,10/20/2011,288,0,0,0,0,310,2,83,598
Boston,14,SSMM55490,48,Male,06/21/2011,04/15/2012,913,590,1993,1921,933,0,5,235,6350
Boston,2,SSMM55491,45,Female,06/23/2011,06/15/2012,0,2612,1183,147,55,1042,5,184,5039
Los Angeles,48,SSMM55492,68,Male,06/24/2011,06/16/2012,0,511,263,1598,417,0,4,196,2789
Boston,13,SSMM55493,67,Female,06/27/2011,07/12/2012,7589,7470,1802,3275,916,781,6,215,21833
Los Angeles,46,SSMM55494,55,Female,06/30/2011,07/01/2012,1570,2838,6239,4662,1146,850,6,149,17305
New York,29,SSMM55495,43,Male,06/30/2011,06/22/2012,191,1595,562,113,28,0,5,52,2489
New York,41,SSMM55496,65,Male,07/01/2011,07/01/2012,2631,5871,0,2555,1072,624,5,219,12753
Los Angeles,50,SSMM55497,69,Female,07/02/2011,07/03/2012,1717,3617,712,0,0,0,3,98,6046
Los Angeles,49,SSMM55498,46,Female,07/05/2011,07/02/2012,0,2700,5253,1391,165,0,4,185,9509
Seattle,74,SSMM55499,61,Female,07/06/2011,07/02/2012,0,6044,2066,2863,824,0,4,126,11797
Seattle,78,SSMM55500,36,Female,07/11/2011,07/04/2012,0,1632,3130,78,11,339,5,32,5190
Los Angeles,59,SSMM55501,48,Female,07/12/2011,07/01/2012,216,1466,2031,1438,646,0,5,129,5797
Los Angeles,54,SSMM55502,80,Male,07/12/2011,05/29/2012,467,248,5655,1419,453,624,6,65,8866
Boston,12,SSMM55503,49,Female,07/14/2011,06/05/2012,59,1645,678,2311,1143,0,5,106,5836
New York,40,SSMM55504,69,Female,07/16/2011,06/15/2012,1039,427,0,1070,216,0,4,23,2752
Los Angeles,58,SSMM55505,59,Female,07/17/2011,06/22/2012,624,2417,467,797,201,684,6,141,5190
Boston,12,SSMM55506,70,Female,07/17/2011,06/09/2012,467,1306,3372,514,123,0,5,249,5782
Los Angeles,60,SSMM55507,56,Male,07/18/2011,06/23/2012,0,367,3764,279,5,0,4,75,4415
Boston,6,SSMM55508,65,Female,07/19/2011,07/08/2012,0,2499,1306,1990,809,3344,5,73,9948
Los Angeles,45,SSMM55509,72,Female,07/19/2011,04/27/2012,615,775,436,0,0,533,4,55,2359
Boston,13,SSMM55510,60,Female,07/23/2011,06/23/2012,392,998,2471,615,205,0,5,135,4681
Boston,5,SSMM55511,45,Male,07/23/2011,03/22/2012,0,2172,43,1865,560,0,4,159,4640
Boston,12,SSMM55512,76,Male,07/24/2011,06/16/2012,985,461,706,1105,29,0,5,177,3286
Boston,12,SSMM55513,35,Male,07/25/2011,07/10/2012,0,995,1717,1102,304,0,4,70,4118
New York,24,SSMM55514,71,Female,07/25/2011,01/14/2012,1340,335,0,0,0,0,2,2,1675
Los Angeles,57,SSMM55515,73,Female,07/26/2011,06/06/2012,0,1001,0,0,0,0,1,38,1001
Los Angeles,56,SSMM55516,44,Male,07/26/2011,04/11/2012,50,3962,0,0,0,0,2,17,4012
Boston,19,SSMM55517,71,Male,07/26/2011,07/26/2011,942,0,0,0,0,0,1,44,942
New York,40,SSMM55518,69,Male,07/26/2011,07/26/2011,0,0,405,392,11,0,3,52,808
Seattle,76,SSMM55519,76,Female,07/28/2011,06/04/2012,467,420,0,2763,717,0,4,132,4367
Boston,20,SSMM55520,53,Female,07/29/2011,07/01/2012,8754,2835,3849,4848,1260,4923,6,300,26469
Boston,16,SSMM55521,25,Female,07/31/2011,06/03/2012,0,788,0,216,99,813,4,131,1916
Seattle,66,SSMM55522,68,Female,08/01/2011,05/20/2012,0,1783,0,420,118,0,3,63,2321
Los Angeles,50,SSMM55523,50,Female,08/03/2011,06/28/2012,50,4383,562,857,324,778,6,276,6954
New York,24,SSMM55524,50,Female,08/07/2011,07/07/2012,248,1943,2348,216,106,0,5,63,4861
Boston,13,SSMM55525,49,Female,08/07/2011,08/07/2011,0,0,5014,219,80,0,3,3,5313
Seattle,72,SSMM55526,47,Male,08/11/2011,05/15/2012,0,555,2596,172,28,0,4,169,3351
Seattle,70,SSMM55527,67,Male,08/12/2011,07/05/2012,8481,499,1535,558,122,0,5,106,11195
Los Angeles,58,SSMM55528,56,Female,08/16/2011,06/28/2012,1315,1155,3915,879,169,0,5,33,7433
Seattle,73,SSMM55529,77,Male,08/18/2011,06/14/2012,7338,0,185,0,0,0,2,48,7523
Los Angeles,45,SSMM55530,42,Male,08/18/2011,05/13/2012,0,0,1513,1001,423,0,3,98,2937
Los Angeles,51,SSMM55531,62,Male,08/22/2011,06/22/2012,5008,0,938,0,0,0,2,97,5946
Seattle,68,SSMM55532,39,Female,08/26/2011,05/22/2012,1896,5909,1413,813,367,0,5,48,10398
Boston,13,SSMM55533,59,Female,09/05/2011,07/08/2012,0,0,3130,1701,43,4568,4,4,9442
Boston,12,SSMM55534,37,Female,09/09/2011,06/18/2012,1190,389,3287,1020,254,0,5,21,6140
Seattle,80,SSMM55535,76,Male,09/12/2011,06/06/2012,4038,0,0,361,37,0,3,59,4436
New York,40,SSMM55536,74,Female,09/15/2011,06/10/2012,2446,235,0,248,49,0,4,118,2978
Los Angeles,54,SSMM55537,60,Female,09/17/2011,05/27/2012,546,1852,2628,270,27,2364,6,50,7687
Seattle,70,SSMM55538,45,Male,09/19/2011,10/07/2011,0,0,0,213,98,0,2,84,311
Los Angeles,62,SSMM55539,57,Male,09/22/2011,05/31/2012,0,992,0,1033,441,759,4,147,3225
New York,27,SSMM55540,43,Female,09/25/2011,07/08/2012,310,2150,624,2333,984,91,6,57,6492
Seattle,65,SSMM55541,70,Female,09/25/2011,07/07/2012,715,2270,2188,1921,830,3215,6,39,11139
New York,26,SSMM55542,46,Male,09/25/2011,06/14/2012,364,449,200,2804,128,0,5,111,3945
Boston,2,SSMM55543,57,Male,09/26/2011,07/05/2012,138,2122,932,401,156,2744,6,292,6493
Los Angeles,59,SSMM55544,58,Male,09/27/2011,06/19/2012,1563,310,392,0,0,1092,4,146,3357
Boston,11,SSMM55545,71,Male,09/27/2011,04/17/2012,1161,1444,0,0,0,0,2,36,2605
Los Angeles,57,SSMM55546,36,Female,10/01/2011,07/06/2012,1874,4509,935,2345,213,0,5,12,9876
Los Angeles,45,SSMM55547,62,Male,10/01/2011,07/04/2012,0,3702,857,285,94,433,5,96,5371
Seattle,84,SSMM55548,54,Female,10/02/2011,06/27/2012,847,1478,0,555,146,0,4,166,3026
Boston,12,SSMM55549,49,Female,10/03/2011,07/06/2012,2034,4757,1312,989,196,153,6,294,9441
Boston,7,SSMM55550,48,Female,10/03/2011,07/02/2012,241,449,153,0,0,0,3,63,843
Seattle,76,SSMM55551,50,Female,10/03/2011,06/10/2012,948,1092,1482,609,99,844,6,85,5074
New York,37,SSMM55552,53,Male,10/03/2011,04/01/2012,558,216,1456,744,287,0,5,49,3261
Los Angeles,45,SSMM55553,42,Male,10/04/2011,04/15/2012,248,1444,248,0,0,0,3,111,1940
New York,24,SSMM55554,73,Female,10/06/2011,06/23/2012,0,0,0,6455,228,0,2,74,6683
Los Angeles,45,SSMM55555,63,Female,10/06/2011,10/14/2011,0,841,0,113,49,0,3,42,1003
Seattle,71,SSMM55556,65,Male,10/08/2011,10/21/2011,0,938,0,163,69,0,3,136,1170
Los Angeles,59,SSMM55557,32,Female,10/13/2011,07/12/2012,646,4967,2697,800,156,527,6,198,9793
Los Angeles,51,SSMM55558,30,Male,10/15/2011,06/11/2012,0,4352,621,229,4,0,4,157,5206
Seattle,73,SSMM55559,41,Male,10/16/2011,07/06/2012,759,2584,3893,1890,756,0,5,94,9882
Boston,17,SSMM55560,48,Female,10/16/2011,06/05/2012,0,3080,1469,1114,434,963,5,224,7060
New York,35,SSMM55561,62,Female,10/20/2011,02/20/2012,0,935,0,182,7,832,4,194,1956
Los Angeles,51,SSMM55562,40,Female,10/21/2011,05/14/2012,0,4358,2483,436,106,0,4,65,7383
Seattle,64,SSMM55563,34,Female,10/21/2011,10/21/2011,0,0,1723,0,0,1249,2,93,2972
Seattle,81,SSMM55564,66,Female,10/24/2011,06/29/2012,3064,5234,2339,599,148,6345,6,200,17729
Los Angeles,59,SSMM55565,75,Male,10/24/2011,10/30/2011,0,1997,0,0,0,0,1,25,1997
Los Angeles,63,SSMM55566,51,Female,10/25/2011,07/06/2012,0,1469,0,200,4,0,3,79,1673
Boston,4,SSMM55567,36,Male,10/25/2011,01/16/2012,0,1821,0,0,0,0,1,8,1821
New York,24,SSMM55568,55,Female,10/29/2011,06/22/2012,342,646,0,339,94,810,5,122,2231
New York,25,SSMM55569,50,Male,10/29/2011,05/18/2012,436,43,624,0,0,0,3,13,1103
Boston,13,SSMM55570,75,Male,10/29/2011,04/20/2012,0,339,624,354,127,0,4,15,1444
Boston,11,SSMM55571,65,Male,11/03/2011,04/15/2012,185,2339,1092,624,259,684,6,151,5183
Boston,20,SSMM55572,16,Female,11/03/2011,11/03/2011,0,0,938,0,0,0,1,49,938
Seattle,77,SSMM55573,68,Female,11/05/2011,11/05/2011,188,310,310,0,0,0,3,56,808
Los Angeles,53,SSMM55574,36,Male,11/05/2011,11/05/2011,0,800,0,0,0,0,1,43,800
Seattle,68,SSMM55575,40,Female,11/09/2011,01/26/2012,467,3136,0,624,258,0,4,80,4485
Boston,20,SSMM55576,75,Female,11/11/2011,07/06/2012,8807,2961,0,0,0,0,2,46,11768
New York,32,SSMM55577,60,Female,11/11/2011,06/25/2012,4439,1730,1340,1055,429,1139,6,248,10132
New York,31,SSMM55578,34,Female,11/18/2011,11/19/2011,0,0,2194,0,0,0,1,45,2194
New York,32,SSMM55579,71,Female,11/26/2011,07/11/2012,2590,7357,527,2640,1317,1824,6,110,16255
Boston,8,SSMM55580,69,Female,11/26/2011,04/16/2012,722,2345,1934,257,57,0,5,209,5315
Los Angeles,49,SSMM55581,56,Male,11/27/2011,02/24/2012,0,1202,1277,0,0,219,3,61,2698
New York,26,SSMM55582,46,Female,12/02/2011,06/18/2012,37,4129,841,1431,657,78,6,90,7173
Boston,6,SSMM55583,43,Female,12/02/2011,06/02/2012,0,1337,0,0,0,0,1,38,1337
Los Angeles,63,SSMM55584,67,Male,12/04/2011,12/04/2011,0,467,0,0,0,0,1,10,467
Seattle,69,SSMM55585,54,Female,12/05/2011,06/16/2012,778,0,91,3413,685,0,4,118,4967
Los Angeles,59,SSMM55586,77,Male,12/05/2011,03/15/2012,775,185,1877,0,0,0,3,103,2837
Boston,4,SSMM55587,48,Male,12/08/2011,06/20/2012,533,0,0,0,0,0,1,10,533
Seattle,77,SSMM55588,27,Female,12/09/2011,12/30/2011,0,0,1981,433,94,345,4,181,2853
Seattle,69,SSMM55589,56,Male,12/10/2011,04/15/2012,1899,1504,781,957,76,185,6,189,5402
Boston,14,SSMM55590,52,Female,12/12/2011,07/13/2012,2028,6594,5457,2590,1049,128,6,190,17846
Boston,9,SSMM55591,59,Male,12/12/2011,07/03/2012,2581,555,1246,2210,313,122,6,45,7027
Boston,20,SSMM55592,78,Male,12/12/2011,12/12/2011,700,0,1092,0,0,0,2,84,1792
Los Angeles,45,SSMM55593,56,Male,12/14/2011,03/06/2012,1026,0,3130,125,41,0,4,13,4322
Seattle,83,SSMM55594,48,Female,12/15/2011,06/29/2012,0,0,0,3906,686,0,2,63,4592
Boston,4,SSMM55595,72,Male,12/15/2011,12/15/2011,0,0,1252,0,0,0,1,43,1252
New York,27,SSMM55596,73,Female,12/19/2011,07/11/2012,1284,2499,436,2166,342,0,5,249,6727
New York,32,SSMM55597,60,Female,12/19/2011,05/06/2012,1934,1434,310,1403,15,0,5,80,5096
Los Angeles,55,SSMM55598,72,Male,12/20/2011,04/16/2012,0,0,0,2951,1078,0,2,39,4029
Seattle,70,SSMM55599,59,Female,12/21/2011,01/27/2012,530,533,0,524,146,295,5,36,2028
Seattle,75,SSMM55600,45,Female,12/23/2011,06/27/2012,0,0,0,898,414,0,2,77,1312
Seattle,82,SSMM55601,74,Male,12/25/2011,07/12/2012,248,759,307,0,0,0,3,26,1314
Boston,21,SSMM55602,38,Female,12/26/2011,06/24/2012,0,260,467,122,1,0,4,183,850
Los Angeles,53,SSMM55603,51,Male,12/26/2011,06/17/2012,116,59,0,430,122,153,5,183,880
New York,26,SSMM55604,58,Female,12/27/2011,06/25/2012,0,0,1343,0,0,0,1,42,1343
New York,24,SSMM55605,59,Female,12/27/2011,01/24/2012,0,0,0,141,54,0,2,51,195
Seattle,78,SSMM55606,75,Male,12/28/2011,03/20/2012,248,612,1205,0,0,0,3,100,2065
New York,33,SSMM55607,66,Female,12/29/2011,06/28/2012,474,1598,998,863,375,106,6,126,4414
Los Angeles,62,SSMM55608,71,Male,12/29/2011,04/09/2012,185,1469,0,0,0,0,2,29,1654
New York,40,SSMM55609,75,Female,01/01/2012,01/28/2012,0,238,0,496,244,1117,4,92,2095
Boston,17,SSMM55610,70,Male,01/03/2012,07/08/2012,935,2835,1391,351,161,310,6,89,5983
Los Angeles,50,SSMM55611,75,Male,01/03/2012,07/01/2012,0,1522,7030,1020,360,0,4,21,9932
Boston,19,SSMM55612,60,Female,01/05/2012,06/14/2012,122,0,467,185,12,1224,5,166,2010
New York,22,SSMM55613,35,Female,01/07/2012,06/21/2012,0,2091,0,3061,269,499,4,90,5920
New York,25,SSMM55614,65,Female,01/11/2012,07/07/2012,4455,1554,3061,1287,448,2386,6,288,13191
Boston,9,SSMM55615,75,Male,01/17/2012,04/09/2012,1679,172,1720,0,0,0,3,149,3571
Seattle,65,SSMM55616,66,Female,01/20/2012,01/20/2012,0,0,0,0,0,0,0,0,0
Los Angeles,47,SSMM55617,64,Female,01/20/2012,01/20/2012,147,439,0,649,180,0,4,107,1415
Los Angeles,45,SSMM55618,50,Male,01/23/2012,01/31/2012,0,0,1714,0,0,0,1,35,1714
New York,38,SSMM55619,73,Female,01/24/2012,06/19/2012,2304,1639,1544,1296,7,1915,6,79,8705
Seattle,71,SSMM55620,75,Male,01/24/2012,06/05/2012,53,1042,216,257,107,0,5,89,1675
Seattle,68,SSMM55621,75,Female,01/24/2012,06/05/2012,100,524,0,0,0,0,2,34,624
Los Angeles,57,SSMM55622,72,Female,01/24/2012,04/21/2012,1007,178,59,0,0,0,3,58,1244
Seattle,83,SSMM55623,11,Female,01/25/2012,07/11/2012,97,439,2411,1114,310,0,5,85,4371
Los Angeles,60,SSMM55624,32,Male,01/25/2012,07/08/2012,0,985,0,0,0,0,1,20,985
Seattle,69,SSMM55625,59,Male,01/26/2012,01/26/2012,0,0,0,0,0,0,0,0,0
Boston,16,SSMM55626,38,Male,01/27/2012,03/04/2012,0,323,2194,160,76,0,4,11,2753
Boston,13,SSMM55627,71,Female,01/28/2012,06/25/2012,373,1990,687,0,0,0,3,116,3050
New York,28,SSMM55628,67,Female,01/28/2012,04/13/2012,0,467,1720,0,0,185,3,113,2372
Boston,3,SSMM55629,72,Female,01/29/2012,06/16/2012,985,1516,3981,373,186,0,5,65,7041
Los Angeles,43,SSMM55630,74,Male,01/30/2012,07/12/2012,935,279,624,1472,325,0,5,104,3635
Boston,16,SSMM55631,68,Female,01/30/2012,06/27/2012,624,1661,0,216,41,3658,5,183,6200
New York,35,SSMM55632,73,Female,01/30/2012,06/18/2012,0,1413,357,785,46,0,4,175,2601
Los Angeles,48,SSMM55633,40,Female,02/01/2012,07/04/2012,982,2041,540,427,192,241,6,75,4423
New York,35,SSMM55634,70,Male,02/01/2012,02/12/2012,0,872,464,0,0,0,2,31,1336
Seattle,67,SSMM55635,71,Male,02/02/2012,07/04/2012,0,3714,935,992,389,0,4,63,6030
Los Angeles,43,SSMM55636,75,Female,02/03/2012,07/11/2012,1095,2939,0,1792,246,0,4,85,6072
Boston,17,SSMM55637,72,Female,02/03/2012,06/14/2012,0,854,405,2113,233,0,4,119,3605
Boston,16,SSMM55638,34,Male,02/04/2012,02/25/2012,0,775,1249,18,1,0,4,59,2043
Seattle,83,SSMM55639,58,Female,02/05/2012,07/09/2012,0,310,310,257,115,2191,5,59,3183
New York,32,SSMM55640,69,Female,02/07/2012,07/06/2012,4502,1727,5042,0,0,1249,4,11,12520
New York,28,SSMM55641,56,Female,02/07/2012,06/18/2012,533,668,314,59,19,91,6,106,1684
New York,40,SSMM55642,73,Female,02/11/2012,06/29/2012,926,2367,3130,1029,458,0,5,183,7910
New York,25,SSMM55643,57,Female,02/11/2012,03/06/2012,0,0,0,213,47,0,2,97,260
Boston,10,SSMM55644,43,Female,02/12/2012,05/28/2012,2433,467,938,0,0,0,3,34,3838
Los Angeles,44,SSMM55645,73,Male,02/13/2012,06/24/2012,5378,135,94,0,0,0,3,138,5607
Los Angeles,53,SSMM55646,33,Female,02/13/2012,02/13/2012,0,0,0,0,0,1095,1,39,1095
New York,36,SSMM55647,71,Male,02/15/2012,07/11/2012,5221,3340,2326,3899,566,935,6,28,16287
Boston,2,SSMM55648,45,Male,02/17/2012,06/16/2012,417,2019,562,1099,42,496,6,92,4635
Seattle,67,SSMM55649,49,Female,02/17/2012,05/30/2012,147,2000,0,263,84,0,4,0,2494
Los Angeles,52,SSMM55650,42,Male,02/18/2012,06/27/2012,499,97,370,1174,37,0,5,108,2177
Seattle,82,SSMM55651,43,Female,02/18/2012,04/23/2012,310,354,1902,0,0,0,3,80,2566
New York,31,SSMM55652,43,Female,02/20/2012,06/24/2012,0,244,157,0,0,37,3,91,438
Boston,16,SSMM55653,67,Male,02/20/2012,06/23/2012,533,1026,1092,288,48,0,5,221,2987
Los Angeles,56,SSMM55654,59,Female,02/21/2012,02/21/2012,0,6148,0,0,0,0,1,24,6148
Los Angeles,53,SSMM55655,42,Female,02/23/2012,04/15/2012,31,910,781,0,0,0,3,76,1722
Boston,2,SSMM55656,62,Female,02/24/2012,06/22/2012,678,1557,0,785,126,166,5,92,3312
Seattle,83,SSMM55657,71,Female,02/26/2012,07/13/2012,593,0,0,3504,1424,0,3,64,5521
Boston,13,SSMM55658,35,Male,02/26/2012,06/25/2012,492,2411,0,0,0,185,3,77,3088
New York,33,SSMM55659,78,Male,02/26/2012,06/18/2012,3180,3607,1877,693,8,0,5,22,9365
Seattle,79,SSMM55660,46,Male,02/27/2012,06/27/2012,0,1742,467,499,92,0,4,110,2800
Seattle,74,SSMM55661,52,Female,03/01/2012,03/02/2012,0,1252,0,0,0,0,1,7,1252
Seattle,66,SSMM55662,64,Male,03/02/2012,05/18/2012,558,59,0,1146,355,970,5,186,3088
Los Angeles,56,SSMM55663,37,Male,03/03/2012,03/03/2012,0,0,1249,0,0,0,1,9,1249
New York,24,SSMM55664,52,Male,03/06/2012,07/05/2012,1664,5218,1243,3312,840,0,5,170,12277
New York,24,SSMM55665,44,Female,03/08/2012,05/27/2012,0,1466,0,0,0,0,1,9,1466
New York,34,SSMM55666,50,Female,03/10/2012,07/11/2012,263,153,781,596,198,0,5,69,1991
Seattle,82,SSMM55667,58,Female,03/10/2012,06/22/2012,1146,2527,0,0,0,0,2,97,3673
Seattle,66,SSMM55668,37,Female,03/11/2012,06/21/2012,141,744,122,926,181,0,5,187,2114
Los Angeles,57,SSMM55669,76,Male,03/12/2012,06/03/2012,2342,747,178,279,116,0,5,56,3662
Los Angeles,55,SSMM55670,44,Female,03/12/2012,05/29/2012,0,3092,3837,1070,226,433,5,75,8658
Boston,21,SSMM55671,76,Female,03/12/2012,04/02/2012,163,1708,938,0,0,0,3,143,2809
Seattle,75,SSMM55672,59,Male,03/13/2012,07/09/2012,1748,631,405,222,85,1438,6,221,4529
Los Angeles,58,SSMM55673,51,Female,03/14/2012,06/27/2012,0,0,2062,772,92,0,3,118,2926
Boston,16,SSMM55674,46,Female,03/15/2012,05/27/2012,957,2763,0,75,6,1409,5,242,5210
Boston,6,SSMM55675,57,Female,03/15/2012,03/15/2012,0,0,938,0,0,106,2,59,1044
New York,33,SSMM55676,69,Male,03/16/2012,06/17/2012,153,1108,0,348,66,0,4,149,1675
Boston,21,SSMM55677,57,Female,03/16/2012,06/08/2012,913,1566,0,0,0,185,3,125,2664
Seattle,75,SSMM55678,55,Female,03/17/2012,07/07/2012,5215,3318,1978,1792,760,0,5,82,13063
Seattle,82,SSMM55679,57,Female,03/18/2012,06/17/2012,420,1146,684,266,59,248,6,112,2823
Boston,14,SSMM55680,32,Female,03/18/2012,03/18/2012,0,1460,866,0,0,0,2,17,2326
Seattle,72,SSMM55681,71,Male,03/19/2012,04/10/2012,0,0,0,0,0,0,0,0,0
Los Angeles,58,SSMM55682,49,Female,03/20/2012,07/09/2012,370,615,3287,1017,375,0,5,127,5664
Boston,10,SSMM55683,51,Female,03/20/2012,07/01/2012,0,0,0,860,269,0,2,75,1129
Los Angeles,58,SSMM55684,52,Female,03/20/2012,06/12/2012,0,3808,2408,75,3,0,4,5,6294
New York,28,SSMM55685,53,Female,03/20/2012,04/21/2012,1020,370,731,0,0,310,4,10,2431
Boston,21,SSMM55686,64,Male,03/23/2012,07/11/2012,2681,0,0,985,467,0,3,89,4133
Los Angeles,58,SSMM55687,34,Female,03/23/2012,06/27/2012,2854,370,2345,0,0,0,3,73,5569
Los Angeles,45,SSMM55688,56,Female,03/24/2012,07/11/2012,1921,0,157,263,107,0,4,20,2448
New York,38,SSMM55689,75,Female,03/24/2012,06/04/2012,0,2116,279,458,162,0,4,42,3015
Boston,18,SSMM55690,22,Female,03/25/2012,04/27/2012,62,128,0,433,62,1667,5,3,2352
New York,24,SSMM55691,22,Male,03/25/2012,04/01/2012,436,1117,0,157,21,0,4,137,1731
Seattle,77,SSMM55692,44,Male,03/25/2012,03/25/2012,0,756,122,0,0,0,2,53,878
New York,31,SSMM55693,74,Male,03/26/2012,07/11/2012,628,3865,2778,3337,181,653,6,262,11442
New York,31,SSMM55694,39,Female,03/26/2012,07/11/2012,621,0,778,2841,137,1340,5,39,5717
Seattle,75,SSMM55695,76,Female,03/27/2012,07/09/2012,0,0,0,251,9,0,2,90,260
Boston,17,SSMM55696,75,Female,03/27/2012,07/08/2012,0,1315,2125,0,0,0,2,58,3440
Seattle,69,SSMM55697,50,Female,03/27/2012,06/05/2012,1089,0,1406,0,0,210,3,146,2705
Boston,20,SSMM55698,64,Male,03/27/2012,03/31/2012,558,1475,0,0,0,0,2,20,2033
Los Angeles,61,SSMM55699,26,Male,03/28/2012,07/13/2012,0,706,2549,825,224,0,4,139,4304
Boston,16,SSMM55700,34,Female,03/28/2012,07/04/2012,0,728,0,91,10,0,3,120,829
Seattle,80,SSMM55701,75,Female,03/28/2012,03/28/2012,84,0,0,175,14,0,3,136,273
Los Angeles,60,SSMM55702,76,Female,03/29/2012,06/26/2012,307,700,938,747,191,0,5,60,2883
Seattle,74,SSMM55703,26,Male,03/29/2012,06/16/2012,153,131,405,0,0,876,4,78,1565
Los Angeles,61,SSMM55704,73,Male,03/31/2012,05/29/2012,0,75,0,0,0,0,1,29,75
Boston,11,SSMM55705,16,Female,04/01/2012,06/27/2012,0,0,307,477,63,0,3,18,847
Boston,14,SSMM55706,67,Male,04/01/2012,06/22/2012,995,1023,0,185,61,0,4,60,2264
New York,38,SSMM55707,42,Female,04/01/2012,04/27/2012,0,0,0,0,0,185,1,38,185
New York,23,SSMM55708,42,Female,04/03/2012,06/16/2012,618,565,122,0,0,0,3,109,1305
Seattle,74,SSMM55709,43,Female,04/04/2012,07/09/2012,398,3432,0,235,20,1369,5,168,5454
Boston,16,SSMM55710,50,Female,04/04/2012,07/06/2012,1155,1736,2373,1849,827,0,5,173,7940
Seattle,76,SSMM55711,62,Male,04/05/2012,07/09/2012,618,744,0,0,0,0,2,76,1362
Seattle,80,SSMM55712,16,Female,04/06/2012,04/12/2012,0,1877,0,0,0,0,1,31,1877
New York,38,SSMM55713,66,Female,04/07/2012,05/27/2012,0,411,0,0,0,370,2,81,781
Los Angeles,48,SSMM55714,64,Female,04/07/2012,04/07/2012,0,0,0,0,0,0,0,0,0
Boston,17,SSMM55715,55,Male,04/07/2012,04/07/2012,2128,0,0,0,0,0,1,45,2128
Los Angeles,55,SSMM55716,76,Female,04/08/2012,06/23/2012,5212,1039,3849,574,23,0,5,237,10697
New York,38,SSMM55717,57,Female,04/08/2012,06/08/2012,0,0,0,1183,588,0,2,49,1771
Los Angeles,62,SSMM55718,71,Female,04/09/2012,07/06/2012,1067,1381,1029,1230,126,0,5,107,4833
New York,27,SSMM55719,74,Male,04/09/2012,06/10/2012,841,122,781,182,12,0,5,65,1938
Seattle,82,SSMM55720,41,Female,04/09/2012,06/02/2012,185,486,0,0,0,898,3,136,1569
Seattle,81,SSMM55721,40,Female,04/09/2012,04/09/2012,0,122,0,0,0,1409,2,24,1531
New York,32,SSMM55722,47,Female,04/10/2012,07/02/2012,461,131,248,0,0,0,3,34,840
Los Angeles,62,SSMM55723,67,Male,04/10/2012,05/06/2012,0,0,0,141,65,0,2,72,206
Seattle,78,SSMM55724,34,Male,04/12/2012,04/15/2012,0,938,0,91,8,0,3,148,1037
Seattle,75,SSMM55725,57,Female,04/13/2012,04/23/2012,781,0,0,838,38,279,4,187,1936
Los Angeles,60,SSMM55726,62,Female,04/13/2012,04/13/2012,91,270,0,405,35,81,5,6,882
Boston,3,SSMM55727,59,Female,04/13/2012,04/12/2012,0,0,0,0,0,1720,1,41,1720
New York,31,SSMM55728,50,Female,04/14/2012,04/17/2012,0,1252,0,0,0,0,1,34,1252
Seattle,80,SSMM55729,60,Female,04/15/2012,06/26/2012,0,1105,0,0,0,106,2,81,1211
Los Angeles,48,SSMM55730,56,Female,04/15/2012,04/15/2012,1252,0,0,0,0,0,1,6,1252
Los Angeles,58,SSMM55731,36,Male,04/15/2012,04/15/2012,0,0,0,0,0,2194,1,24,2194
Boston,6,SSMM55732,54,Female,04/16/2012,07/09/2012,0,480,339,2050,460,0,4,29,3329
Los Angeles,60,SSMM55733,76,Male,04/16/2012,06/07/2012,0,0,938,1120,328,0,3,89,2386
Seattle,79,SSMM55734,49,Male,04/16/2012,06/05/2012,0,75,279,266,89,1752,5,44,2461
Seattle,81,SSMM55735,68,Male,04/16/2012,04/17/2012,706,0,0,2025,447,0,3,133,3178
New York,23,SSMM55736,74,Female,04/20/2012,07/01/2012,0,0,0,2612,467,0,2,54,3079
Seattle,69,SSMM55737,55,Male,04/21/2012,07/05/2012,0,3686,0,697,250,0,3,64,4633
New York,33,SSMM55738,73,Female,04/21/2012,04/21/2012,0,0,2345,0,0,0,1,38,2345
Seattle,79,SSMM55739,67,Female,04/22/2012,06/27/2012,0,91,62,241,77,248,5,201,719
Los Angeles,51,SSMM55740,60,Female,04/23/2012,04/23/2012,0,0,938,0,0,0,1,1,938
Seattle,70,SSMM55741,73,Male,04/24/2012,04/24/2012,684,0,0,0,0,0,1,6,684
Seattle,78,SSMM55742,68,Female,04/25/2012,06/09/2012,1654,0,153,0,0,182,3,30,1989
Seattle,82,SSMM55743,56,Female,04/29/2012,06/08/2012,0,5812,0,0,0,0,1,41,5812
New York,27,SSMM55744,21,Male,05/02/2012,06/05/2012,0,59,562,251,110,0,4,197,982
Seattle,81,SSMM55745,76,Male,05/06/2012,07/03/2012,0,766,1570,2574,322,0,4,131,5232
New York,32,SSMM55746,75,Female,05/07/2012,07/12/2012,433,1180,0,91,3,0,4,68,1707
Los Angeles,56,SSMM55747,74,Female,05/07/2012,05/07/2012,0,0,1186,0,0,0,1,38,1186
Los Angeles,59,SSMM55748,75,Male,05/11/2012,07/08/2012,2185,0,0,109,51,0,3,87,2345
New York,37,SSMM55749,70,Female,05/11/2012,07/05/2012,0,292,91,3862,1066,0,4,181,5311
New York,41,SSMM55750,71,Male,05/15/2012,07/07/2012,2596,1563,0,436,140,0,4,199,4735
New York,42,SSMM55751,67,Female,05/15/2012,06/21/2012,0,84,0,1039,85,0,3,80,1208
Seattle,77,SSMM55752,70,Female,05/17/2012,06/12/2012,0,951,0,0,0,0,1,12,951
Los Angeles,47,SSMM55753,63,Female,05/30/2012,05/30/2012,1099,216,546,0,0,0,3,78,1861
Seattle,79,SSMM55754,38,Female,06/19/2012,06/19/2012,248,0,0,1409,308,0,3,78,1965